{
    "perl"        : "6.*",
    "name"        : "Text::Utils",
    "version"     : "2.1.1",
    "api"         : "2",
    "description" : "Provides some additional text functions (replaces module Text::More)",
    "auth"        : "github:tbrowder",
    "author"      : "github:tbrowder",
    "authors"     : [ "Tom Browder <tom.browder@gmail.com>" ],
    "license"     : "Artistic-2.0",
    "source-url"  : "https://github.com/tbrowder/Text-Utils-Raku.git",
    "support"     : {
        "bugtracker" : "https://github.com/tbrowder/Text-Utils-Raku/issues"
    },
    "provides"    : {
        "Text::Utils" : "lib/Text/Utils.pm6"
    },
    "test-depends"     : [
	"Test::META"
    ],
    "depends" : [
    ],
    "resources" : [
    ],
    "tags" : [
	"string functions",
        "text wrap",
        "normalize string",
        "CPAN5"
    ]
}
