{
    "perl"        : "6.*",
    "name"        : "Draw2D::Furniture",
    "version"     : "1.0.0",
    "description" : "Provides custom, scaled furniture outlines for home and office planning",
    "auth"        : "github:tbrowder",
    "author"      : "github:tbrowder",
    "authors"     : [ "Tom Browder <tom.browder@gmail.com>" ],
    "license"     : "Artistic-2.0",
    "source-url"  : "https://github.com/tbrowder/Draw2D-Furniture-Raku.git",
    "support"     : {
        "bugtracker" : "https://github.com/tbrowder/Draw2D-Furniture-Raku/issues"
    },
    "provides"    : {
        "Draw2D::Furniture"          : "lib/Draw2D/Furniture.rakumod",
        "Draw2D::Furniture::Classes" : "lib/Draw2D/Furniture/Classes.rakumod",
        "Draw2D::Furniture::Vars"    : "lib/Draw2D/Furniture/Vars.rakumod",
        "draw2d-output"              : "bin/draw2d-output"
    },
    "test-depends" : [
	"Test::META"
    ],
    "depends" : [
        "Inline::Perl5",
        "Text::Utils"
    ],
    "resources" : [
    ],
    "tags" : [
	"drawing",
	"design",
        "furniture",
	"house/office planning",
	"PostScript"
    ]
}
