{
  "auth" : "github:tbrowder",
  "author" : "github:tbrowder",
  "authors" : [
    "Tom Browder <tom.browder@gmail.com> (translator Perl 5 to Perl 6, current maintainer)",
    "Jim Gibson (CPAN Perl 5 author, v1.12)"
  ],
  "build-depends" : [ ],
  "depends" : [ ],
  "description" : "Longitude and latitude calculations using an ellipsoid model.",
  "license" : "Artistic-2.0",
  "name" : "Geo::Ellipsoid",
  "perl" : "6.c",
  "provides" : {
    "Geo::Ellipsoid" : "lib/Geo/Ellipsoid.pm6",
    "Geo::Ellipsoid::GenFuncs" : "lib/Geo/Ellipsoid/GenFuncs.pm6",
    "Geo::Ellipsoid::Utils" : "lib/Geo/Ellipsoid/Utils.pm6"
  },
  "resources" : [ ],
  "source-type" : "git",
  "source-url" : "git://github.com/tbrowder/Geo-Ellipsoid-Perl6.git",
  "support" : {
    "bugtracker" : "https://github.com/tbrowder/Geo-Ellipsoid-Perl6/issues"
  },
  "tags" : [
    "geo",
    "position",
    "CPAN5"
  ],
  "test-depends" : [
    "Test::META"
  ],
  "version" : "1.0.0"
}
