{
    "perl"        : "6.*",
    "name"        : "RakuAdvent::WordPress",
    "version"     : "0.0.2",
    "api"         : "1",
    "description" : "Provides tools to assist Raku Advent WordPress authors",
    "auth"        : "github:tbrowder",
    "author"      : "github:tbrowder",
    "authors"     : [ "Tom Browder <tom.browder@gmail.com>" ],
    "license"     : "Artistic-2.0",
    "source-url"  : "https://github.com/tbrowder/RakuAdvent-WordPress.git",
    "support"     : {
        "bugtracker" : "https://github.com/tbrowder/RakuAdvent-WordPress/issues"
    },
    "provides"    : {
        "make-wp-input"         : "bin/make-wp-input",
        "RakuAdvent::WordPress" : "lib/RakuAdvent/WordPress.pm6",
        "RakuAdvent::WPTag"     : "lib/RakuAdvent/WPTag.pm6"
    },
    "test-depends"     : [
	"Test::META"
    ],
    "depends" : [
         "Text::Utils"
    ],
    "resources" : [
        "examples/advent-example.html"
    ],
    "tags" : [
	"html",
        "markdown",
        "WordPress",
        "Advent"
    ]
}
