{
  "version" : "2.0.4",
  "auth" : "github:tbrowder",
  "author" : "github:tbrowder",
  "authors" : [
    "Tom Browder <tom.browder@gmail.com>"
  ],
  "build-depends" : [ ],
  "depends" : [ ],
  "description" : "Provides names for month and weekday numbers (multilingual).",
  "license" : "Artistic-2.0",
  "name" : "Date::Names",
  "perl" : "6.c",
  "provides" : {
      "Date::Names"     : "lib/Date/Names.pm6",
      "Date::Names::de" : "lib/Date/Names/de.pm6",
      "Date::Names::en" : "lib/Date/Names/en.pm6",
      "Date::Names::es" : "lib/Date/Names/es.pm6",
      "Date::Names::fr" : "lib/Date/Names/fr.pm6",
      "Date::Names::id" : "lib/Date/Names/id.pm6",
      "Date::Names::it" : "lib/Date/Names/it.pm6",
      "Date::Names::nb" : "lib/Date/Names/nb.pm6",
      "Date::Names::nl" : "lib/Date/Names/nl.pm6",
      "Date::Names::pl" : "lib/Date/Names/pl.pm6",
      "Date::Names::ru" : "lib/Date/Names/ru.pm6"
  },
  "resources" : [ ],
  "source-type" : "git",
  "source-url" : "git://github.com/tbrowder/Date-Names-Perl6.git",
  "support" : {
    "bugtracker" : "https://github.com/tbrowder/Date-Names-Perl6/issues"
  },
  "tags" : [
    "date",
    "names",
    "dow"
  ],
  "test-depends" : [
    "Test::META"
  ]
}
